{
  "5way_per_mode_test_sil": {
    "label": "5-way",
    "n_samples": 100,
    "n_modes": 5,
    "modes": [
      "analogical",
      "contrastive",
      "dialectical",
      "linear",
      "socratic"
    ],
    "silhouette_test_mean": 0.17552598379552364,
    "silhouette_test_std": 0.16965260240641927,
    "silhouette_test_per_fold": [
      0.08504336327314377,
      0.20354776084423065,
      0.01761551760137081,
      0.4927384853363037,
      0.07868479192256927
    ],
    "knn_accuracy_mean": 0.63,
    "knn_accuracy_std": 0.21587033144922904,
    "knn_accuracy_per_fold": [
      0.35,
      0.85,
      0.45,
      0.9,
      0.6
    ],
    "per_mode_test_silhouette": {
      "analogical": 0.8351016044616699,
      "contrastive": 0.18973861634731293,
      "dialectical": 0.009662430733442307,
      "linear": -0.10350853204727173,
      "socratic": -0.05336413532495499
    },
    "per_mode_recall": {
      "analogical": 1.0,
      "contrastive": 0.45,
      "dialectical": 0.5,
      "linear": 0.6,
      "socratic": 0.6
    }
  },
  "4way_no_analogical": {
    "label": "4-way (no analogical)",
    "n_samples": 80,
    "n_modes": 4,
    "modes": [
      "contrastive",
      "dialectical",
      "linear",
      "socratic"
    ],
    "silhouette_test_mean": 0.047071782499551774,
    "silhouette_test_std": 0.12446036277357006,
    "silhouette_test_per_fold": [
      -0.09837353229522705,
      0.2234027087688446,
      -0.024351131170988083,
      0.1655292958021164,
      -0.030848428606987
    ],
    "knn_accuracy_mean": 0.55,
    "knn_accuracy_std": 0.1446979612848778,
    "knn_accuracy_per_fold": [
      0.3125,
      0.75,
      0.5,
      0.5625,
      0.625
    ],
    "per_mode_test_silhouette": {
      "contrastive": 0.1348879337310791,
      "dialectical": 0.05896363779902458,
      "linear": -0.17918984591960907,
      "socratic": 0.17362533509731293
    },
    "per_mode_recall": {
      "contrastive": 0.55,
      "dialectical": 0.6,
      "linear": 0.4,
      "socratic": 0.65
    }
  },
  "4way_permutation": {
    "n_permutations": 50,
    "observed_silhouette": 0.047071782499551774,
    "null_silhouette_mean": -0.19872526845335958,
    "null_silhouette_std": 0.03901330780389361,
    "null_silhouette_max": -0.11474352553486825,
    "null_knn_mean": 0.23475,
    "null_knn_std": 0.06084252213707121,
    "n_above_observed": 0,
    "p_value": 0.0196078431372549,
    "null_distribution": [
      -0.13951476737856866,
      -0.1536849208176136,
      -0.16653175950050353,
      -0.17988035678863526,
      -0.24737195372581483,
      -0.263537323474884,
      -0.19751341342926027,
      -0.23100201189517974,
      -0.21555297076702118,
      -0.130995512008667,
      -0.2797349214553833,
      -0.2164628952741623,
      -0.19501459002494811,
      -0.19120742976665497,
      -0.20261508822441102,
      -0.1958780527114868,
      -0.220279261469841,
      -0.2608918696641922,
      -0.26284427046775816,
      -0.25985107421875,
      -0.1903351753950119,
      -0.11936089918017387,
      -0.15116197019815444,
      -0.14128361642360687,
      -0.16138797849416733,
      -0.24436046183109283,
      -0.20476147681474685,
      -0.19706985652446746,
      -0.2113538756966591,
      -0.22593054473400115,
      -0.18338776826858522,
      -0.21110620200634003,
      -0.16748656928539277,
      -0.2606214046478271,
      -0.21001269519329072,
      -0.21165180653333665,
      -0.19374364912509917,
      -0.17079705968499184,
      -0.20256742537021638,
      -0.17799984216690062,
      -0.19918251633644105,
      -0.11474352553486825,
      -0.19151874929666518,
      -0.2421626478433609,
      -0.18011673167347908,
      -0.21245974451303482,
      -0.2239791840314865,
      -0.16208483427762985,
      -0.14720616936683656,
      -0.2160645991563797
    ]
  },
  "elapsed_seconds": 761.4883019924164
}