{
  "experiment": "contrastive_projection",
  "n_samples": 100,
  "n_features": 1837,
  "modes": [
    "analogical",
    "contrastive",
    "dialectical",
    "linear",
    "socratic"
  ],
  "pre_registered_predictions": {
    "linear_silhouette": "0.05-0.10 (60% confidence)",
    "nonlinear_silhouette": "0.10-0.25 (65% confidence)"
  },
  "baseline": {
    "method": "raw_features",
    "silhouette_full": 0.016993219500623297,
    "per_mode": {
      "analogical": 0.07573833365525269,
      "contrastive": 0.0035673509594113745,
      "dialectical": -0.00033920046508370967,
      "linear": -0.0006313101484488534,
      "socratic": 0.006630923501984995
    }
  },
  "lda": {
    "method": "LDA",
    "projection_dim": 4,
    "silhouette_train_mean": 0.21034805590152944,
    "silhouette_train_std": 0.026616249587007094,
    "silhouette_test_mean": -0.044914448687354405,
    "silhouette_test_std": 0.046792143643379656,
    "silhouette_full": 0.29654579959908745,
    "knn_accuracy_mean": 0.48,
    "knn_accuracy_std": 0.116619037896906,
    "knn_accuracy_per_fold": [
      0.4,
      0.6,
      0.3,
      0.6,
      0.5
    ],
    "per_mode": {
      "analogical": 0.6171473906075646,
      "contrastive": 0.14661943298063318,
      "dialectical": 0.2911894283574998,
      "linear": 0.23510898762893015,
      "socratic": 0.19266375842080924
    }
  },
  "nca": {
    "method": "NCA",
    "n_components": 32,
    "silhouette_test_mean": -0.025150916323696825,
    "silhouette_test_std": 0.02291554366925844,
    "knn_accuracy_mean": 0.36,
    "knn_accuracy_std": 0.08,
    "knn_accuracy_per_fold": [
      0.35,
      0.25,
      0.3,
      0.45,
      0.45
    ],
    "folds_completed": 5
  },
  "contrastive_mlp": {
    "method": "contrastive_mlp",
    "bottleneck_dim": 32,
    "n_epochs": 200,
    "dropout": 0.5,
    "weight_decay": 0.001,
    "margin": 1.0,
    "silhouette_train_mean": 0.9955572724342346,
    "silhouette_train_std": 0.000372590419670116,
    "silhouette_test_mean": 0.17552598379552364,
    "silhouette_test_std": 0.16965260240641927,
    "knn_accuracy_mean": 0.63,
    "knn_accuracy_std": 0.21587033144922904,
    "knn_accuracy_per_fold": [
      0.35,
      0.85,
      0.45,
      0.9,
      0.6
    ],
    "final_loss_per_fold": [
      0.0,
      0.000596244353801012,
      0.000707993924152106,
      0.00022183060355018824,
      0.0003503056359477341
    ],
    "confusion_matrix": [
      [
        20,
        0,
        0,
        0,
        0
      ],
      [
        0,
        9,
        7,
        3,
        1
      ],
      [
        0,
        3,
        10,
        3,
        4
      ],
      [
        1,
        2,
        2,
        12,
        3
      ],
      [
        1,
        1,
        2,
        4,
        12
      ]
    ],
    "per_mode_recall": {
      "analogical": 1.0,
      "contrastive": 0.45,
      "dialectical": 0.5,
      "linear": 0.6,
      "socratic": 0.6
    }
  },
  "mlp_per_mode": {
    "silhouette_full": 0.9950079321861267,
    "per_mode_silhouette": {
      "analogical": 0.9963253140449524,
      "contrastive": 0.9960087537765503,
      "dialectical": 0.9948309063911438,
      "linear": 0.9944599866867065,
      "socratic": 0.9934151768684387
    },
    "pairwise_cosine_distances": {
      "analogical_vs_contrastive": 1.2167855288364084,
      "analogical_vs_dialectical": 1.223628621249276,
      "analogical_vs_linear": 1.2295898912507501,
      "analogical_vs_socratic": 1.2021512216375294,
      "contrastive_vs_dialectical": 1.230886919163129,
      "contrastive_vs_linear": 1.213719764751176,
      "contrastive_vs_socratic": 1.2906330976131206,
      "dialectical_vs_linear": 1.3866563044820037,
      "dialectical_vs_socratic": 1.2308045391763158,
      "linear_vs_socratic": 1.2571163187439964
    },
    "final_loss": 0.0,
    "note": "Trained on all data \u2014 silhouette inflated, per-mode ranking informative"
  },
  "permutation_test": {
    "n_permutations": 100,
    "observed_silhouette": 0.17552598379552364,
    "null_silhouette_mean": -0.2414075659997761,
    "null_silhouette_std": 0.03344468282116396,
    "null_silhouette_max": -0.164642071723938,
    "null_silhouette_p95": -0.18439039073884486,
    "null_knn_mean": 0.1943,
    "null_knn_std": 0.0464166995810775,
    "n_above_observed": 0,
    "p_value": 0.009900990099009901,
    "null_distribution": [
      -0.23467501997947693,
      -0.23663286864757538,
      -0.29368776082992554,
      -0.1844838947057724,
      -0.303668349981308,
      -0.30986231565475464,
      -0.2709840089082718,
      -0.23472506999969484,
      -0.2574074149131775,
      -0.17565158903598785,
      -0.25113425254821775,
      -0.22637929171323776,
      -0.2044701397418976,
      -0.22855834066867828,
      -0.27374274730682374,
      -0.19785555303096772,
      -0.18945418447256088,
      -0.21416730284690857,
      -0.21955684572458267,
      -0.2673841655254364,
      -0.20790805891156197,
      -0.2718988984823227,
      -0.2698503702878952,
      -0.19647743701934814,
      -0.24569802582263947,
      -0.20706823468208313,
      -0.27649132907390594,
      -0.2505865067243576,
      -0.2125261530280113,
      -0.29923599660396577,
      -0.23108905255794526,
      -0.24623562693595885,
      -0.26785641312599184,
      -0.23555053174495696,
      -0.24377005100250243,
      -0.284261429309845,
      -0.23459246158599853,
      -0.21459724754095078,
      -0.26864480078220365,
      -0.2615269660949707,
      -0.2149624228477478,
      -0.18908784985542298,
      -0.28936145901679994,
      -0.20896601378917695,
      -0.2395675152540207,
      -0.24773554503917694,
      -0.3186376214027405,
      -0.26526023745536803,
      -0.21114817261695862,
      -0.21747040748596191,
      -0.22666998207569122,
      -0.23180459439754486,
      -0.23411398828029634,
      -0.2912407249212265,
      -0.2686630845069885,
      -0.2238337516784668,
      -0.164642071723938,
      -0.19874361157417297,
      -0.2179301053285599,
      -0.2857170462608337,
      -0.25758014917373656,
      -0.3018206596374512,
      -0.2285437911748886,
      -0.24329978227615356,
      -0.22314596474170684,
      -0.2782579094171524,
      -0.2931579530239105,
      -0.2032673627138138,
      -0.21421473026275634,
      -0.256720033288002,
      -0.21136833131313323,
      -0.1988760605454445,
      -0.23673905730247496,
      -0.22057749107480049,
      -0.231705179810524,
      -0.24767253696918487,
      -0.25265521705150606,
      -0.2331140398979187,
      -0.2562195658683777,
      -0.2643837630748749,
      -0.2558465152978897,
      -0.2776174873113632,
      -0.17950251400470735,
      -0.2575249820947647,
      -0.24347645938396453,
      -0.2058799758553505,
      -0.2712564289569855,
      -0.2782666653394699,
      -0.23681452870368958,
      -0.2870684713125229,
      -0.22771080136299132,
      -0.18261381536722182,
      -0.2549494206905365,
      -0.24990737438201904,
      -0.2806003332138062,
      -0.17023119665682315,
      -0.2572711080312729,
      -0.2439957559108734,
      -0.2468508541584015,
      -0.23414942026138305
    ]
  },
  "cv_stability": {
    "n_seeds": 50,
    "silhouette_mean": 0.19696793155837805,
    "silhouette_median": 0.19194279350340365,
    "silhouette_std": 0.029248060737588077,
    "silhouette_ci95": [
      0.1442339160852134,
      0.25900083696469667
    ],
    "knn_mean": 0.689,
    "knn_median": 0.69,
    "knn_std": 0.027802877548915687,
    "knn_ci95": [
      0.6245,
      0.72775
    ],