{
  "experiment": "contrastive_projection_run3",
  "n_samples": 75,
  "n_features": 1837,
  "modes": [
    "associative",
    "compressed",
    "deliberative",
    "pedagogical",
    "structured"
  ],
  "context": "Run 3 (process-prescriptive, format-free) vs Run 4 (format-controlled). Tests whether contrastive projection's capability scales with mode distinctiveness.",
  "baseline_silhouette": 0.1277557406600632,
  "lda": {
    "method": "LDA",
    "projection_dim": 4,
    "silhouette_train_mean": 0.34729876633550744,
    "silhouette_train_std": 0.010704578386345571,
    "silhouette_test_mean": 0.3295383536205178,
    "silhouette_test_std": 0.09748646839534832,
    "silhouette_full": 0.4380094705690997,
    "knn_accuracy_mean": 0.7066666666666667,
    "knn_accuracy_std": 0.16653327995729064,
    "knn_accuracy_per_fold": [
      0.8666666666666667,
      0.6666666666666666,
      0.9333333333333333,
      0.5333333333333333,
      0.5333333333333333
    ],
    "per_mode": {
      "associative": 0.4073621042025774,
      "compressed": 0.9393728604930591,
      "deliberative": 0.22385619101743068,
      "pedagogical": 0.12254653122947273,
      "structured": 0.4969096659029584
    }
  },
  "5way": {
    "label": "Run 3 5-way",
    "n_samples": 75,
    "n_modes": 5,
    "modes": [
      "associative",
      "compressed",
      "deliberative",
      "pedagogical",
      "structured"
    ],
    "silhouette_test_mean": 0.6749361634254456,
    "silhouette_test_std": 0.11130980996608761,
    "silhouette_test_per_fold": [
      0.8604029417037964,
      0.635445773601532,
      0.7164942026138306,
      0.5233749151229858,
      0.638962984085083
    ],
    "knn_accuracy_mean": 0.8933333333333333,
    "knn_accuracy_std": 0.07999999999999999,
    "knn_accuracy_per_fold": [
      1.0,
      0.9333333333333333,
      0.9333333333333333,
      0.8,
      0.8
    ],
    "per_mode_test_silhouette": {
      "associative": 0.962550699710846,
      "compressed": 0.9877598285675049,
      "deliberative": 0.45828360319137573,
      "pedagogical": 0.033533502370119095,
      "structured": 0.932553231716156
    },
    "per_mode_recall": {
      "associative": 1.0,
      "compressed": 1.0,
      "deliberative": 0.8,
      "pedagogical": 0.7333333333333333,
      "structured": 0.9333333333333333
    },
    "confusion_matrix": [
      [
        15,
        0,
        0,
        0,
        0
      ],
      [
        0,
        15,
        0,
        0,
        0
      ],
      [
        0,
        0,
        12,
        1,
        2
      ],
      [
        2,
        0,
        2,
        11,
        0
      ],
      [
        0,
        0,
        1,
        0,
        14
      ]
    ]
  },
  "5way_permutation": {
    "label": "Run 3 5-way",
    "n_permutations": 50,
    "observed_silhouette": 0.6749361634254456,
    "null_silhouette_mean": -0.2503700841590762,
    "null_silhouette_std": 0.045989259758444194,
    "null_silhouette_max": -0.08919863663613796,
    "null_knn_mean": 0.19599999999999998,
    "n_above_observed": 0,
    "p_value": 0.0196078431372549,
    "null_distribution": [
      -0.2613371804356575,
      -0.2674513429403305,
      -0.22903430163860322,
      -0.2788553208112717,
      -0.29125487208366396,
      -0.21882101185619832,
      -0.25285494029521943,
      -0.32669535279273987,
      -0.2687977522611618,
      -0.33542675375938413,
      -0.2506132125854492,
      -0.266619998216629,
      -0.29557153582572937,
      -0.2383699119091034,
      -0.24700019657611846,
      -0.19683257415890693,
      -0.218140110373497,
      -0.21561363190412522,
      -0.24100505709648132,
      -0.23315218985080718,
      -0.2508246824145317,
      -0.31739833652973176,
      -0.28891110718250274,
      -0.25894213914871217,
      -0.27460156977176664,
      -0.30278927385807036,
      -0.2728202432394028,
      -0.25844438970088957,
      -0.18937958888709544,
      -0.2747060418128967,
      -0.2723497599363327,
      -0.27185964584350586,
      -0.18090449199080466,
      -0.16350194737315177,
      -0.23603706955909728,
      -0.26554418802261354,
      -0.24662316963076591,
      -0.30068486034870145,
      -0.23674104809761048,
      -0.2865913465619087,
      -0.2007836803793907,
      -0.26356822848320005,
      -0.2339206874370575,
      -0.2612087644636631,
      -0.33286379277706146,
      -0.19969750866293906,
      -0.15397920310497284,
      -0.08919863663613796,
      -0.26262194514274595,
      -0.23755961358547212
    ]
  },
  "5way_cv_stability": {
    "label": "Run 3 5-way",
    "n_seeds": 30,
    "silhouette_mean": 0.6563124420245487,
    "silhouette_median": 0.6579002231359481,
    "silhouette_std": 0.03235748829295456,
    "silhouette_ci95": [
      0.6014314606785774,
      0.7088036924600601
    ],
    "knn_mean": 0.8955555555555557,
    "knn_median": 0.8933333333333333,
    "knn_std": 0.01856586539929368,
    "knn_ci95": [
      0.8630000000000001,
      0.9236666666666667
    ]
  },
  "4way_no_compressed": {
    "label": "Run 3 4-way (no compressed)",
    "n_samples": 60,
    "n_modes": 4,
    "modes": [
      "associative",
      "deliberative",
      "pedagogical",
      "structured"
    ],
    "silhouette_test_mean": 0.6027419686317443,
    "silhouette_test_std": 0.06049418019851443,
    "silhouette_test_per_fold": [
      0.6271329522132874,
      0.5451050400733948,
      0.6716623306274414,
      0.5178434252738953,
      0.6519660949707031
    ],
    "knn_accuracy_mean": 0.8666666666666666,
    "knn_accuracy_std": 0.04082482904638627,
    "knn_accuracy_per_fold": [
      0.9166666666666666,
      0.8333333333333334,
      0.9166666666666666,
      0.8333333333333334,
      0.8333333333333334
    ],
    "per_mode_test_silhouette": {
      "associative": 0.9861506819725037,
      "deliberative": 0.40641018748283386,
      "pedagogical": 0.08625684678554535,
      "structured": 0.9321499466896057
    },
    "per_mode_recall": {
      "associative": 1.0,
      "deliberative": 0.8,
      "pedagogical": 0.7333333333333333,
      "structured": 0.9333333333333333
    },
    "confusion_matrix": [
      [
        15,
        0,
        0,
        0
      ],
      [
        0,
        12,
        1,
        2
      ],
      [
        2,
        2,
        11,
        0
      ],
      [
        0,
        1,
        0,
        14
      ]
    ]
  },
  "4way_permutation": {
    "label": "Run 3 4-way",
    "n_permutations": 50,
    "observed_silhouette": 0.6027419686317443,
    "null_silhouette_mean": -0.23337498959898947,
    "null_silhouette_std": 0.056096271873126324,
    "null_silhouette_max": -0.07117707654833794,
    "null_knn_mean": 0.23033333333333336,
    "n_above_observed": 0,
    "p_value": 0.0196078431372549,