{
  "n_seeds": 100,
  "n_samples": 100,
  "n_features": 1837,
  "n_classes": 5,
  "mode_names": [
    "analogical",
    "contrastive",
    "dialectical",
    "linear",
    "socratic"
  ],
  "noshuffle_accuracy": 0.7,
  "noshuffle_fold_scores": [
    0.75,
    0.65,
    0.7,
    0.75,
    0.65
  ],
  "mean": 0.637,
  "std": 0.0400374824383352,
  "median": 0.6300000000000001,
  "min": 0.52,
  "max": 0.75,
  "p5": 0.5895,
  "p25": 0.6100000000000001,
  "p75": 0.6599999999999999,
  "p95": 0.7004999999999999,
  "ci_95_lower": 0.55425,
  "ci_95_upper": 0.7252499999999998,
  "all_accuracies": [
    0.66,
    0.6299999999999999,
    0.5900000000000001,
    0.6300000000000001,
    0.64,
    0.64,
    0.6300000000000001,
    0.62,
    0.65,
    0.6399999999999999,
    0.62,
    0.6100000000000001,
    0.73,
    0.6,
    0.63,
    0.69,
    0.7,
    0.65,
    0.6199999999999999,
    0.62,
    0.62,
    0.6900000000000001,
    0.75,
    0.6100000000000001,
    0.6799999999999999,
    0.6700000000000002,
    0.6399999999999999,
    0.6900000000000001,
    0.6799999999999999,
    0.6,
    0.6599999999999999,
    0.6299999999999999,
    0.61,
    0.64,
    0.6599999999999999,
    0.6399999999999999,
    0.75,
    0.6199999999999999,
    0.64,
    0.61,
    0.6199999999999999,
    0.6199999999999999,
    0.6,
    0.57,
    0.6599999999999999,
    0.6799999999999999,
    0.65,
    0.52,
    0.6599999999999999,
    0.6599999999999999,
    0.61,
    0.6599999999999999,
    0.61,
    0.6,
    0.6599999999999999,
    0.6599999999999999,
    0.6699999999999999,
    0.59,
    0.61,
    0.6300000000000001,
    0.6199999999999999,
    0.58,
    0.6599999999999999,
    0.63,
    0.6699999999999999,
    0.54,
    0.6900000000000001,
    0.6599999999999999,
    0.59,
    0.6100000000000001,
    0.6799999999999999,
    0.68,
    0.6400000000000001,
    0.6599999999999999,
    0.5900000000000001,
    0.6300000000000001,
    0.68,
    0.6300000000000001,
    0.5900000000000001,
    0.63,
    0.6200000000000001,
    0.6100000000000001,
    0.5999999999999999,
    0.63,
    0.65,
    0.71,
    0.61,
    0.6300000000000001,
    0.63,
    0.72,
    0.61,
    0.6200000000000001,
    0.59,
    0.62,
    0.69,
    0.54,
    0.6399999999999999,
    0.66,
    0.63,
    0.6
  ]
}